index,li,round,name,lr,l_i,l_r,i,r,money
1,4,0,agent4,0,4,0,4,0,0.1
2,9,0,agent9,0,9,0,9,0,0.1
3,7,0,agent7,0,7,0,7,0,0.1
4,8,0,agent8,0,8,0,8,0,0.1
5,6,0,agent6,0,6,0,6,0,0.1
6,1,0,agent1,0,1,0,1,0,0.1
7,0,0,agent0,0,0,0,0,0,0.1
8,3,0,agent3,0,3,0,3,0,0.1
9,2,0,agent2,0,2,0,2,0,0.1
10,5,0,agent5,0,5,0,5,0,0.1
11,4,1,agent4,1,4,1,4,1,0.2
12,9,1,agent9,1,9,1,9,1,0.2
13,7,1,agent7,1,7,1,7,1,0.2
14,8,1,agent8,1,8,1,8,1,0.2
15,6,1,agent6,1,6,1,6,1,0.2
16,1,1,agent1,1,1,1,1,1,0.2
17,0,1,agent0,1,0,1,0,1,0.2
18,3,1,agent3,1,3,1,3,1,0.2
19,2,1,agent2,1,2,1,2,1,0.2
20,5,1,agent5,1,5,1,5,1,0.2
21,4,2,agent4,2,4,2,4,2,0.30000000000000004
22,9,2,agent9,2,9,2,9,2,0.30000000000000004
23,7,2,agent7,2,7,2,7,2,0.30000000000000004
24,8,2,agent8,2,8,2,8,2,0.30000000000000004
25,6,2,agent6,2,6,2,6,2,0.30000000000000004
26,1,2,agent1,2,1,2,1,2,0.30000000000000004
27,0,2,agent0,2,0,2,0,2,0.30000000000000004
28,3,2,agent3,2,3,2,3,2,0.30000000000000004
29,2,2,agent2,2,2,2,2,2,0.30000000000000004
30,5,2,agent5,2,5,2,5,2,0.30000000000000004
31,4,3,agent4,3,4,3,4,3,0.4
32,9,3,agent9,3,9,3,9,3,0.4
33,7,3,agent7,3,7,3,7,3,0.4
34,8,3,agent8,3,8,3,8,3,0.4
35,6,3,agent6,3,6,3,6,3,0.4
36,1,3,agent1,3,1,3,1,3,0.4
37,0,3,agent0,3,0,3,0,3,0.4
38,3,3,agent3,3,3,3,3,3,0.4
39,2,3,agent2,3,2,3,2,3,0.4
40,5,3,agent5,3,5,3,5,3,0.4
41,4,4,agent4,4,4,4,4,4,0.5
42,9,4,agent9,4,9,4,9,4,0.5
43,7,4,agent7,4,7,4,7,4,0.5
44,8,4,agent8,4,8,4,8,4,0.5
45,6,4,agent6,4,6,4,6,4,0.5
46,1,4,agent1,4,1,4,1,4,0.5
47,0,4,agent0,4,0,4,0,4,0.5
48,3,4,agent3,4,3,4,3,4,0.5
49,2,4,agent2,4,2,4,2,4,0.5
50,5,4,agent5,4,5,4,5,4,0.5
51,4,5,agent4,5,4,5,4,5,0.6
52,9,5,agent9,5,9,5,9,5,0.6
53,7,5,agent7,5,7,5,7,5,0.6
54,8,5,agent8,5,8,5,8,5,0.6
55,6,5,agent6,5,6,5,6,5,0.6
56,1,5,agent1,5,1,5,1,5,0.6
57,0,5,agent0,5,0,5,0,5,0.6
58,3,5,agent3,5,3,5,3,5,0.6
59,2,5,agent2,5,2,5,2,5,0.6
60,5,5,agent5,5,5,5,5,5,0.6
61,4,6,agent4,6,4,6,4,6,0.7
62,9,6,agent9,6,9,6,9,6,0.7
63,7,6,agent7,6,7,6,7,6,0.7
64,8,6,agent8,6,8,6,8,6,0.7
65,6,6,agent6,6,6,6,6,6,0.7
66,1,6,agent1,6,1,6,1,6,0.7
67,0,6,agent0,6,0,6,0,6,0.7
68,3,6,agent3,6,3,6,3,6,0.7
69,2,6,agent2,6,2,6,2,6,0.7
70,5,6,agent5,6,5,6,5,6,0.7
71,4,7,agent4,7,4,7,4,7,0.7999999999999999
72,9,7,agent9,7,9,7,9,7,0.7999999999999999
73,7,7,agent7,7,7,7,7,7,0.7999999999999999
74,8,7,agent8,7,8,7,8,7,0.7999999999999999
75,6,7,agent6,7,6,7,6,7,0.7999999999999999
76,1,7,agent1,7,1,7,1,7,0.7999999999999999
77,0,7,agent0,7,0,7,0,7,0.7999999999999999
78,3,7,agent3,7,3,7,3,7,0.7999999999999999
79,2,7,agent2,7,2,7,2,7,0.7999999999999999
80,5,7,agent5,7,5,7,5,7,0.7999999999999999
81,4,8,agent4,8,4,8,4,8,0.8999999999999999
82,9,8,agent9,8,9,8,9,8,0.8999999999999999
83,7,8,agent7,8,7,8,7,8,0.8999999999999999
84,8,8,agent8,8,8,8,8,8,0.8999999999999999
85,6,8,agent6,8,6,8,6,8,0.8999999999999999
86,1,8,agent1,8,1,8,1,8,0.8999999999999999
87,0,8,agent0,8,0,8,0,8,0.8999999999999999
88,3,8,agent3,8,3,8,3,8,0.8999999999999999
89,2,8,agent2,8,2,8,2,8,0.8999999999999999
90,5,8,agent5,8,5,8,5,8,0.8999999999999999
91,4,9,agent4,9,4,9,4,9,0.9999999999999999
92,9,9,agent9,9,9,9,9,9,0.9999999999999999
93,7,9,agent7,9,7,9,7,9,0.9999999999999999
94,8,9,agent8,9,8,9,8,9,0.9999999999999999
95,6,9,agent6,9,6,9,6,9,0.9999999999999999
96,1,9,agent1,9,1,9,1,9,0.9999999999999999
97,0,9,agent0,9,0,9,0,9,0.9999999999999999
98,3,9,agent3,9,3,9,3,9,0.9999999999999999
99,2,9,agent2,9,2,9,2,9,0.9999999999999999
100,5,9,agent5,9,5,9,5,9,0.9999999999999999
101,4,10,agent4,10,4,10,4,10,1.0999999999999999
102,9,10,agent9,10,9,10,9,10,1.0999999999999999
103,7,10,agent7,10,7,10,7,10,1.0999999999999999
104,8,10,agent8,10,8,10,8,10,1.0999999999999999
105,6,10,agent6,10,6,10,6,10,1.0999999999999999
106,1,10,agent1,10,1,10,1,10,1.0999999999999999
107,0,10,agent0,10,0,10,0,10,1.0999999999999999
108,3,10,agent3,10,3,10,3,10,1.0999999999999999
109,2,10,agent2,10,2,10,2,10,1.0999999999999999
110,5,10,agent5,10,5,10,5,10,1.0999999999999999
111,4,11,agent4,11,4,11,4,11,1.2
112,9,11,agent9,11,9,11,9,11,1.2
113,7,11,agent7,11,7,11,7,11,1.2
114,8,11,agent8,11,8,11,8,11,1.2
115,6,11,agent6,11,6,11,6,11,1.2
116,1,11,agent1,11,1,11,1,11,1.2
117,0,11,agent0,11,0,11,0,11,1.2
118,3,11,agent3,11,3,11,3,11,1.2
119,2,11,agent2,11,2,11,2,11,1.2
120,5,11,agent5,11,5,11,5,11,1.2
121,4,12,agent4,12,4,12,4,12,1.3
122,9,12,agent9,12,9,12,9,12,1.3
123,7,12,agent7,12,7,12,7,12,1.3
124,8,12,agent8,12,8,12,8,12,1.3
125,6,12,agent6,12,6,12,6,12,1.3
126,1,12,agent1,12,1,12,1,12,1.3
127,0,12,agent0,12,0,12,0,12,1.3
128,3,12,agent3,12,3,12,3,12,1.3
129,2,12,agent2,12,2,12,2,12,1.3
130,5,12,agent5,12,5,12,5,12,1.3
131,4,13,agent4,13,4,13,4,13,1.4000000000000001
132,9,13,agent9,13,9,13,9,13,1.4000000000000001
133,7,13,agent7,13,7,13,7,13,1.4000000000000001
134,8,13,agent8,13,8,13,8,13,1.4000000000000001
135,6,13,agent6,13,6,13,6,13,1.4000000000000001
136,1,13,agent1,13,1,13,1,13,1.4000000000000001
137,0,13,agent0,13,0,13,0,13,1.4000000000000001
138,3,13,agent3,13,3,13,3,13,1.4000000000000001
139,2,13,agent2,13,2,13,2,13,1.4000000000000001
140,5,13,agent5,13,5,13,5,13,1.4000000000000001
141,4,14,agent4,14,4,14,4,14,1.5000000000000002
142,9,14,agent9,14,9,14,9,14,1.5000000000000002
143,7,14,agent7,14,7,14,7,14,1.5000000000000002
144,8,14,agent8,14,8,14,8,14,1.5000000000000002
145,6,14,agent6,14,6,14,6,14,1.5000000000000002
146,1,14,agent1,14,1,14,1,14,1.5000000000000002
147,0,14,agent0,14,0,14,0,14,1.5000000000000002
148,3,14,agent3,14,3,14,3,14,1.5000000000000002
149,2,14,agent2,14,2,14,2,14,1.5000000000000002
150,5,14,agent5,14,5,14,5,14,1.5000000000000002
151,4,15,agent4,15,4,15,4,15,1.6000000000000003
152,9,15,agent9,15,9,15,9,15,1.6000000000000003
153,7,15,agent7,15,7,15,7,15,1.6000000000000003
154,8,15,agent8,15,8,15,8,15,1.6000000000000003
155,6,15,agent6,15,6,15,6,15,1.6000000000000003
156,1,15,agent1,15,1,15,1,15,1.6000000000000003
157,0,15,agent0,15,0,15,0,15,1.6000000000000003
158,3,15,agent3,15,3,15,3,15,1.6000000000000003
159,2,15,agent2,15,2,15,2,15,1.6000000000000003
160,5,15,agent5,15,5,15,5,15,1.6000000000000003
161,4,16,agent4,16,4,16,4,16,1.7000000000000004
162,9,16,agent9,16,9,16,9,16,1.7000000000000004
163,7,16,agent7,16,7,16,7,16,1.7000000000000004
164,8,16,agent8,16,8,16,8,16,1.7000000000000004
165,6,16,agent6,16,6,16,6,16,1.7000000000000004
166,1,16,agent1,16,1,16,1,16,1.7000000000000004
167,0,16,agent0,16,0,16,0,16,1.7000000000000004
168,3,16,agent3,16,3,16,3,16,1.7000000000000004
169,2,16,agent2,16,2,16,2,16,1.7000000000000004
170,5,16,agent5,16,5,16,5,16,1.7000000000000004
171,4,17,agent4,17,4,17,4,17,1.8000000000000005
172,9,17,agent9,17,9,17,9,17,1.8000000000000005
173,7,17,agent7,17,7,17,7,17,1.8000000000000005
174,8,17,agent8,17,8,17,8,17,1.8000000000000005
175,6,17,agent6,17,6,17,6,17,1.8000000000000005
176,1,17,agent1,17,1,17,1,17,1.8000000000000005
177,0,17,agent0,17,0,17,0,17,1.8000000000000005
178,3,17,agent3,17,3,17,3,17,1.8000000000000005
179,2,17,agent2,17,2,17,2,17,1.8000000000000005
180,5,17,agent5,17,5,17,5,17,1.8000000000000005
181,4,18,agent4,18,4,18,4,18,1.9000000000000006
182,9,18,agent9,18,9,18,9,18,1.9000000000000006
183,7,18,agent7,18,7,18,7,18,1.9000000000000006
184,8,18,agent8,18,8,18,8,18,1.9000000000000006
185,6,18,agent6,18,6,18,6,18,1.9000000000000006
186,1,18,agent1,18,1,18,1,18,1.9000000000000006
187,0,18,agent0,18,0,18,0,18,1.9000000000000006
188,3,18,agent3,18,3,18,3,18,1.9000000000000006
189,2,18,agent2,18,2,18,2,18,1.9000000000000006
190,5,18,agent5,18,5,18,5,18,1.9000000000000006
191,4,19,agent4,19,4,19,4,19,2.0000000000000004
192,9,19,agent9,19,9,19,9,19,2.0000000000000004
193,7,19,agent7,19,7,19,7,19,2.0000000000000004
194,8,19,agent8,19,8,19,8,19,2.0000000000000004
195,6,19,agent6,19,6,19,6,19,2.0000000000000004
196,1,19,agent1,19,1,19,1,19,2.0000000000000004
197,0,19,agent0,19,0,19,0,19,2.0000000000000004
198,3,19,agent3,19,3,19,3,19,2.0000000000000004
199,2,19,agent2,19,2,19,2,19,2.0000000000000004
200,5,19,agent5,19,5,19,5,19,2.0000000000000004
201,4,20,agent4,20,4,20,4,20,2.1000000000000005
202,9,20,agent9,20,9,20,9,20,2.1000000000000005
203,7,20,agent7,20,7,20,7,20,2.1000000000000005
204,8,20,agent8,20,8,20,8,20,2.1000000000000005
205,6,20,agent6,20,6,20,6,20,2.1000000000000005
206,1,20,agent1,20,1,20,1,20,2.1000000000000005
207,0,20,agent0,20,0,20,0,20,2.1000000000000005
208,3,20,agent3,20,3,20,3,20,2.1000000000000005
209,2,20,agent2,20,2,20,2,20,2.1000000000000005
210,5,20,agent5,20,5,20,5,20,2.1000000000000005
211,4,21,agent4,21,4,21,4,21,2.2000000000000006
212,9,21,agent9,21,9,21,9,21,2.2000000000000006
213,7,21,agent7,21,7,21,7,21,2.2000000000000006
214,8,21,agent8,21,8,21,8,21,2.2000000000000006
215,6,21,agent6,21,6,21,6,21,2.2000000000000006
216,1,21,agent1,21,1,21,1,21,2.2000000000000006
217,0,21,agent0,21,0,21,0,21,2.2000000000000006
218,3,21,agent3,21,3,21,3,21,2.2000000000000006
219,2,21,agent2,21,2,21,2,21,2.2000000000000006
220,5,21,agent5,21,5,21,5,21,2.2000000000000006
221,4,22,agent4,22,4,22,4,22,2.3000000000000007
222,9,22,agent9,22,9,22,9,22,2.3000000000000007
223,7,22,agent7,22,7,22,7,22,2.3000000000000007
224,8,22,agent8,22,8,22,8,22,2.3000000000000007
225,6,22,agent6,22,6,22,6,22,2.3000000000000007
226,1,22,agent1,22,1,22,1,22,2.3000000000000007
227,0,22,agent0,22,0,22,0,22,2.3000000000000007
228,3,22,agent3,22,3,22,3,22,2.3000000000000007
229,2,22,agent2,22,2,22,2,22,2.3000000000000007
230,5,22,agent5,22,5,22,5,22,2.3000000000000007
231,4,23,agent4,23,4,23,4,23,2.400000000000001
232,9,23,agent9,23,9,23,9,23,2.400000000000001
233,7,23,agent7,23,7,23,7,23,2.400000000000001
234,8,23,agent8,23,8,23,8,23,2.400000000000001
235,6,23,agent6,23,6,23,6,23,2.400000000000001
236,1,23,agent1,23,1,23,1,23,2.400000000000001
237,0,23,agent0,23,0,23,0,23,2.400000000000001
238,3,23,agent3,23,3,23,3,23,2.400000000000001
239,2,23,agent2,23,2,23,2,23,2.400000000000001
240,5,23,agent5,23,5,23,5,23,2.400000000000001
241,4,24,agent4,24,4,24,4,24,2.500000000000001
242,9,24,agent9,24,9,24,9,24,2.500000000000001
243,7,24,agent7,24,7,24,7,24,2.500000000000001
244,8,24,agent8,24,8,24,8,24,2.500000000000001
245,6,24,agent6,24,6,24,6,24,2.500000000000001
246,1,24,agent1,24,1,24,1,24,2.500000000000001
247,0,24,agent0,24,0,24,0,24,2.500000000000001
248,3,24,agent3,24,3,24,3,24,2.500000000000001
249,2,24,agent2,24,2,24,2,24,2.500000000000001
250,5,24,agent5,24,5,24,5,24,2.500000000000001
251,4,25,agent4,25,4,25,4,25,2.600000000000001
252,9,25,agent9,25,9,25,9,25,2.600000000000001
253,7,25,agent7,25,7,25,7,25,2.600000000000001
254,8,25,agent8,25,8,25,8,25,2.600000000000001
255,6,25,agent6,25,6,25,6,25,2.600000000000001
256,1,25,agent1,25,1,25,1,25,2.600000000000001
257,0,25,agent0,25,0,25,0,25,2.600000000000001
258,3,25,agent3,25,3,25,3,25,2.600000000000001
259,2,25,agent2,25,2,25,2,25,2.600000000000001
260,5,25,agent5,25,5,25,5,25,2.600000000000001
261,4,26,agent4,26,4,26,4,26,2.700000000000001
262,9,26,agent9,26,9,26,9,26,2.700000000000001
263,7,26,agent7,26,7,26,7,26,2.700000000000001
264,8,26,agent8,26,8,26,8,26,2.700000000000001
265,6,26,agent6,26,6,26,6,26,2.700000000000001
266,1,26,agent1,26,1,26,1,26,2.700000000000001
267,0,26,agent0,26,0,26,0,26,2.700000000000001
268,3,26,agent3,26,3,26,3,26,2.700000000000001
269,2,26,agent2,26,2,26,2,26,2.700000000000001
270,5,26,agent5,26,5,26,5,26,2.700000000000001
271,4,27,agent4,27,4,27,4,27,2.800000000000001
272,9,27,agent9,27,9,27,9,27,2.800000000000001
273,7,27,agent7,27,7,27,7,27,2.800000000000001
274,8,27,agent8,27,8,27,8,27,2.800000000000001
275,6,27,agent6,27,6,27,6,27,2.800000000000001
276,1,27,agent1,27,1,27,1,27,2.800000000000001
277,0,27,agent0,27,0,27,0,27,2.800000000000001
278,3,27,agent3,27,3,27,3,27,2.800000000000001
279,2,27,agent2,27,2,27,2,27,2.800000000000001
280,5,27,agent5,27,5,27,5,27,2.800000000000001
281,4,28,agent4,28,4,28,4,28,2.9000000000000012
282,9,28,agent9,28,9,28,9,28,2.9000000000000012
283,7,28,agent7,28,7,28,7,28,2.9000000000000012
284,8,28,agent8,28,8,28,8,28,2.9000000000000012
285,6,28,agent6,28,6,28,6,28,2.9000000000000012
286,1,28,agent1,28,1,28,1,28,2.9000000000000012
287,0,28,agent0,28,0,28,0,28,2.9000000000000012
288,3,28,agent3,28,3,28,3,28,2.9000000000000012
289,2,28,agent2,28,2,28,2,28,2.9000000000000012
290,5,28,agent5,28,5,28,5,28,2.9000000000000012
291,4,29,agent4,29,4,29,4,29,3.0000000000000013
292,9,29,agent9,29,9,29,9,29,3.0000000000000013
293,7,29,agent7,29,7,29,7,29,3.0000000000000013
294,8,29,agent8,29,8,29,8,29,3.0000000000000013
295,6,29,agent6,29,6,29,6,29,3.0000000000000013
296,1,29,agent1,29,1,29,1,29,3.0000000000000013
297,0,29,agent0,29,0,29,0,29,3.0000000000000013
298,3,29,agent3,29,3,29,3,29,3.0000000000000013
299,2,29,agent2,29,2,29,2,29,3.0000000000000013
300,5,29,agent5,29,5,29,5,29,3.0000000000000013
301,4,30,agent4,30,4,30,4,30,3.1000000000000014
302,9,30,agent9,30,9,30,9,30,3.1000000000000014
303,7,30,agent7,30,7,30,7,30,3.1000000000000014
304,8,30,agent8,30,8,30,8,30,3.1000000000000014
305,6,30,agent6,30,6,30,6,30,3.1000000000000014
306,1,30,agent1,30,1,30,1,30,3.1000000000000014
307,0,30,agent0,30,0,30,0,30,3.1000000000000014
308,3,30,agent3,30,3,30,3,30,3.1000000000000014
309,2,30,agent2,30,2,30,2,30,3.1000000000000014
310,5,30,agent5,30,5,30,5,30,3.1000000000000014
311,4,31,agent4,31,4,31,4,31,3.2000000000000015
312,9,31,agent9,31,9,31,9,31,3.2000000000000015
313,7,31,agent7,31,7,31,7,31,3.2000000000000015
314,8,31,agent8,31,8,31,8,31,3.2000000000000015
315,6,31,agent6,31,6,31,6,31,3.2000000000000015
316,1,31,agent1,31,1,31,1,31,3.2000000000000015
317,0,31,agent0,31,0,31,0,31,3.2000000000000015
318,3,31,agent3,31,3,31,3,31,3.2000000000000015
319,2,31,agent2,31,2,31,2,31,3.2000000000000015
320,5,31,agent5,31,5,31,5,31,3.2000000000000015
321,4,32,agent4,32,4,32,4,32,3.3000000000000016
322,9,32,agent9,32,9,32,9,32,3.3000000000000016
323,7,32,agent7,32,7,32,7,32,3.3000000000000016
324,8,32,agent8,32,8,32,8,32,3.3000000000000016
325,6,32,agent6,32,6,32,6,32,3.3000000000000016
326,1,32,agent1,32,1,32,1,32,3.3000000000000016
327,0,32,agent0,32,0,32,0,32,3.3000000000000016
328,3,32,agent3,32,3,32,3,32,3.3000000000000016
329,2,32,agent2,32,2,32,2,32,3.3000000000000016
330,5,32,agent5,32,5,32,5,32,3.3000000000000016
331,4,33,agent4,33,4,33,4,33,3.4000000000000017
332,9,33,agent9,33,9,33,9,33,3.4000000000000017
333,7,33,agent7,33,7,33,7,33,3.4000000000000017
334,8,33,agent8,33,8,33,8,33,3.4000000000000017
335,6,33,agent6,33,6,33,6,33,3.4000000000000017
336,1,33,agent1,33,1,33,1,33,3.4000000000000017
337,0,33,agent0,33,0,33,0,33,3.4000000000000017
338,3,33,agent3,33,3,33,3,33,3.4000000000000017
339,2,33,agent2,33,2,33,2,33,3.4000000000000017
340,5,33,agent5,33,5,33,5,33,3.4000000000000017
341,4,34,agent4,34,4,34,4,34,3.5000000000000018
342,9,34,agent9,34,9,34,9,34,3.5000000000000018
343,7,34,agent7,34,7,34,7,34,3.5000000000000018
344,8,34,agent8,34,8,34,8,34,3.5000000000000018
345,6,34,agent6,34,6,34,6,34,3.5000000000000018
346,1,34,agent1,34,1,34,1,34,3.5000000000000018
347,0,34,agent0,34,0,34,0,34,3.5000000000000018
348,3,34,agent3,34,3,34,3,34,3.5000000000000018
349,2,34,agent2,34,2,34,2,34,3.5000000000000018
350,5,34,agent5,34,5,34,5,34,3.5000000000000018
351,4,35,agent4,35,4,35,4,35,3.600000000000002
352,9,35,agent9,35,9,35,9,35,3.600000000000002
353,7,35,agent7,35,7,35,7,35,3.600000000000002
354,8,35,agent8,35,8,35,8,35,3.600000000000002
355,6,35,agent6,35,6,35,6,35,3.600000000000002
356,1,35,agent1,35,1,35,1,35,3.600000000000002
357,0,35,agent0,35,0,35,0,35,3.600000000000002
358,3,35,agent3,35,3,35,3,35,3.600000000000002
359,2,35,agent2,35,2,35,2,35,3.600000000000002
360,5,35,agent5,35,5,35,5,35,3.600000000000002
361,4,36,agent4,36,4,36,4,36,3.700000000000002
362,9,36,agent9,36,9,36,9,36,3.700000000000002
363,7,36,agent7,36,7,36,7,36,3.700000000000002
364,8,36,agent8,36,8,36,8,36,3.700000000000002
365,6,36,agent6,36,6,36,6,36,3.700000000000002
366,1,36,agent1,36,1,36,1,36,3.700000000000002
367,0,36,agent0,36,0,36,0,36,3.700000000000002
368,3,36,agent3,36,3,36,3,36,3.700000000000002
369,2,36,agent2,36,2,36,2,36,3.700000000000002
370,5,36,agent5,36,5,36,5,36,3.700000000000002
371,4,37,agent4,37,4,37,4,37,3.800000000000002
372,9,37,agent9,37,9,37,9,37,3.800000000000002
373,7,37,agent7,37,7,37,7,37,3.800000000000002
374,8,37,agent8,37,8,37,8,37,3.800000000000002
375,6,37,agent6,37,6,37,6,37,3.800000000000002
376,1,37,agent1,37,1,37,1,37,3.800000000000002
377,0,37,agent0,37,0,37,0,37,3.800000000000002
378,3,37,agent3,37,3,37,3,37,3.800000000000002
379,2,37,agent2,37,2,37,2,37,3.800000000000002
380,5,37,agent5,37,5,37,5,37,3.800000000000002
381,4,38,agent4,38,4,38,4,38,3.900000000000002
382,9,38,agent9,38,9,38,9,38,3.900000000000002
383,7,38,agent7,38,7,38,7,38,3.900000000000002
384,8,38,agent8,38,8,38,8,38,3.900000000000002
385,6,38,agent6,38,6,38,6,38,3.900000000000002
386,1,38,agent1,38,1,38,1,38,3.900000000000002
387,0,38,agent0,38,0,38,0,38,3.900000000000002
388,3,38,agent3,38,3,38,3,38,3.900000000000002
389,2,38,agent2,38,2,38,2,38,3.900000000000002
390,5,38,agent5,38,5,38,5,38,3.900000000000002
391,4,39,agent4,39,4,39,4,39,4.000000000000002
392,9,39,agent9,39,9,39,9,39,4.000000000000002
393,7,39,agent7,39,7,39,7,39,4.000000000000002
394,8,39,agent8,39,8,39,8,39,4.000000000000002
395,6,39,agent6,39,6,39,6,39,4.000000000000002
396,1,39,agent1,39,1,39,1,39,4.000000000000002
397,0,39,agent0,39,0,39,0,39,4.000000000000002
398,3,39,agent3,39,3,39,3,39,4.000000000000002
399,2,39,agent2,39,2,39,2,39,4.000000000000002
400,5,39,agent5,39,5,39,5,39,4.000000000000002
401,4,40,agent4,40,4,40,4,40,4.100000000000001
402,9,40,agent9,40,9,40,9,40,4.100000000000001
403,7,40,agent7,40,7,40,7,40,4.100000000000001
404,8,40,agent8,40,8,40,8,40,4.100000000000001
405,6,40,agent6,40,6,40,6,40,4.100000000000001
406,1,40,agent1,40,1,40,1,40,4.100000000000001
407,0,40,agent0,40,0,40,0,40,4.100000000000001
408,3,40,agent3,40,3,40,3,40,4.100000000000001
409,2,40,agent2,40,2,40,2,40,4.100000000000001
410,5,40,agent5,40,5,40,5,40,4.100000000000001
411,4,41,agent4,41,4,41,4,41,4.200000000000001
412,9,41,agent9,41,9,41,9,41,4.200000000000001
413,7,41,agent7,41,7,41,7,41,4.200000000000001
414,8,41,agent8,41,8,41,8,41,4.200000000000001
415,6,41,agent6,41,6,41,6,41,4.200000000000001
416,1,41,agent1,41,1,41,1,41,4.200000000000001
417,0,41,agent0,41,0,41,0,41,4.200000000000001
418,3,41,agent3,41,3,41,3,41,4.200000000000001
419,2,41,agent2,41,2,41,2,41,4.200000000000001
420,5,41,agent5,41,5,41,5,41,4.200000000000001
421,4,42,agent4,42,4,42,4,42,4.300000000000001
422,9,42,agent9,42,9,42,9,42,4.300000000000001
423,7,42,agent7,42,7,42,7,42,4.300000000000001
424,8,42,agent8,42,8,42,8,42,4.300000000000001
425,6,42,agent6,42,6,42,6,42,4.300000000000001
426,1,42,agent1,42,1,42,1,42,4.300000000000001
427,0,42,agent0,42,0,42,0,42,4.300000000000001
428,3,42,agent3,42,3,42,3,42,4.300000000000001
429,2,42,agent2,42,2,42,2,42,4.300000000000001
430,5,42,agent5,42,5,42,5,42,4.300000000000001
431,4,43,agent4,43,4,43,4,43,4.4
432,9,43,agent9,43,9,43,9,43,4.4
433,7,43,agent7,43,7,43,7,43,4.4
434,8,43,agent8,43,8,43,8,43,4.4
435,6,43,agent6,43,6,43,6,43,4.4
436,1,43,agent1,43,1,43,1,43,4.4
437,0,43,agent0,43,0,43,0,43,4.4
438,3,43,agent3,43,3,43,3,43,4.4
439,2,43,agent2,43,2,43,2,43,4.4
440,5,43,agent5,43,5,43,5,43,4.4
441,4,44,agent4,44,4,44,4,44,4.5
442,9,44,agent9,44,9,44,9,44,4.5
443,7,44,agent7,44,7,44,7,44,4.5
444,8,44,agent8,44,8,44,8,44,4.5
445,6,44,agent6,44,6,44,6,44,4.5
446,1,44,agent1,44,1,44,1,44,4.5
447,0,44,agent0,44,0,44,0,44,4.5
448,3,44,agent3,44,3,44,3,44,4.5
449,2,44,agent2,44,2,44,2,44,4.5
450,5,44,agent5,44,5,44,5,44,4.5
451,4,45,agent4,45,4,45,4,45,4.6
452,9,45,agent9,45,9,45,9,45,4.6
453,7,45,agent7,45,7,45,7,45,4.6
454,8,45,agent8,45,8,45,8,45,4.6
455,6,45,agent6,45,6,45,6,45,4.6
456,1,45,agent1,45,1,45,1,45,4.6
457,0,45,agent0,45,0,45,0,45,4.6
458,3,45,agent3,45,3,45,3,45,4.6
459,2,45,agent2,45,2,45,2,45,4.6
460,5,45,agent5,45,5,45,5,45,4.6
461,4,46,agent4,46,4,46,4,46,4.699999999999999
462,9,46,agent9,46,9,46,9,46,4.699999999999999
463,7,46,agent7,46,7,46,7,46,4.699999999999999
464,8,46,agent8,46,8,46,8,46,4.699999999999999
465,6,46,agent6,46,6,46,6,46,4.699999999999999
466,1,46,agent1,46,1,46,1,46,4.699999999999999
467,0,46,agent0,46,0,46,0,46,4.699999999999999
468,3,46,agent3,46,3,46,3,46,4.699999999999999
469,2,46,agent2,46,2,46,2,46,4.699999999999999
470,5,46,agent5,46,5,46,5,46,4.699999999999999
471,4,47,agent4,47,4,47,4,47,4.799999999999999
472,9,47,agent9,47,9,47,9,47,4.799999999999999
473,7,47,agent7,47,7,47,7,47,4.799999999999999
474,8,47,agent8,47,8,47,8,47,4.799999999999999
475,6,47,agent6,47,6,47,6,47,4.799999999999999
476,1,47,agent1,47,1,47,1,47,4.799999999999999
477,0,47,agent0,47,0,47,0,47,4.799999999999999
478,3,47,agent3,47,3,47,3,47,4.799999999999999
479,2,47,agent2,47,2,47,2,47,4.799999999999999
480,5,47,agent5,47,5,47,5,47,4.799999999999999
481,4,48,agent4,48,4,48,4,48,4.899999999999999
482,9,48,agent9,48,9,48,9,48,4.899999999999999
483,7,48,agent7,48,7,48,7,48,4.899999999999999
484,8,48,agent8,48,8,48,8,48,4.899999999999999
485,6,48,agent6,48,6,48,6,48,4.899999999999999
486,1,48,agent1,48,1,48,1,48,4.899999999999999
487,0,48,agent0,48,0,48,0,48,4.899999999999999
488,3,48,agent3,48,3,48,3,48,4.899999999999999
489,2,48,agent2,48,2,48,2,48,4.899999999999999
490,5,48,agent5,48,5,48,5,48,4.899999999999999
491,4,49,agent4,49,4,49,4,49,4.999999999999998
492,9,49,agent9,49,9,49,9,49,4.999999999999998
493,7,49,agent7,49,7,49,7,49,4.999999999999998
494,8,49,agent8,49,8,49,8,49,4.999999999999998
495,6,49,agent6,49,6,49,6,49,4.999999999999998
496,1,49,agent1,49,1,49,1,49,4.999999999999998
497,0,49,agent0,49,0,49,0,49,4.999999999999998
498,3,49,agent3,49,3,49,3,49,4.999999999999998
499,2,49,agent2,49,2,49,2,49,4.999999999999998
500,5,49,agent5,49,5,49,5,49,4.999999999999998
501,4,50,agent4,50,4,50,4,50,5.099999999999998
502,9,50,agent9,50,9,50,9,50,5.099999999999998
503,7,50,agent7,50,7,50,7,50,5.099999999999998
504,8,50,agent8,50,8,50,8,50,5.099999999999998
505,6,50,agent6,50,6,50,6,50,5.099999999999998
506,1,50,agent1,50,1,50,1,50,5.099999999999998
507,0,50,agent0,50,0,50,0,50,5.099999999999998
508,3,50,agent3,50,3,50,3,50,5.099999999999998
509,2,50,agent2,50,2,50,2,50,5.099999999999998
510,5,50,agent5,50,5,50,5,50,5.099999999999998
511,4,51,agent4,51,4,51,4,51,5.1999999999999975
512,9,51,agent9,51,9,51,9,51,5.1999999999999975
513,7,51,agent7,51,7,51,7,51,5.1999999999999975
514,8,51,agent8,51,8,51,8,51,5.1999999999999975
515,6,51,agent6,51,6,51,6,51,5.1999999999999975
516,1,51,agent1,51,1,51,1,51,5.1999999999999975
517,0,51,agent0,51,0,51,0,51,5.1999999999999975
518,3,51,agent3,51,3,51,3,51,5.1999999999999975
519,2,51,agent2,51,2,51,2,51,5.1999999999999975
520,5,51,agent5,51,5,51,5,51,5.1999999999999975
521,4,52,agent4,52,4,52,4,52,5.299999999999997
522,9,52,agent9,52,9,52,9,52,5.299999999999997
523,7,52,agent7,52,7,52,7,52,5.299999999999997
524,8,52,agent8,52,8,52,8,52,5.299999999999997
525,6,52,agent6,52,6,52,6,52,5.299999999999997
526,1,52,agent1,52,1,52,1,52,5.299999999999997
527,0,52,agent0,52,0,52,0,52,5.299999999999997
528,3,52,agent3,52,3,52,3,52,5.299999999999997
529,2,52,agent2,52,2,52,2,52,5.299999999999997
530,5,52,agent5,52,5,52,5,52,5.299999999999997
531,4,53,agent4,53,4,53,4,53,5.399999999999997
532,9,53,agent9,53,9,53,9,53,5.399999999999997
533,7,53,agent7,53,7,53,7,53,5.399999999999997
534,8,53,agent8,53,8,53,8,53,5.399999999999997
535,6,53,agent6,53,6,53,6,53,5.399999999999997
536,1,53,agent1,53,1,53,1,53,5.399999999999997
537,0,53,agent0,53,0,53,0,53,5.399999999999997
538,3,53,agent3,53,3,53,3,53,5.399999999999997
539,2,53,agent2,53,2,53,2,53,5.399999999999997
540,5,53,agent5,53,5,53,5,53,5.399999999999997
541,4,54,agent4,54,4,54,4,54,5.4999999999999964
542,9,54,agent9,54,9,54,9,54,5.4999999999999964
543,7,54,agent7,54,7,54,7,54,5.4999999999999964
544,8,54,agent8,54,8,54,8,54,5.4999999999999964
545,6,54,agent6,54,6,54,6,54,5.4999999999999964
546,1,54,agent1,54,1,54,1,54,5.4999999999999964
547,0,54,agent0,54,0,54,0,54,5.4999999999999964
548,3,54,agent3,54,3,54,3,54,5.4999999999999964
549,2,54,agent2,54,2,54,2,54,5.4999999999999964
550,5,54,agent5,54,5,54,5,54,5.4999999999999964
551,4,55,agent4,55,4,55,4,55,5.599999999999996
552,9,55,agent9,55,9,55,9,55,5.599999999999996
553,7,55,agent7,55,7,55,7,55,5.599999999999996
554,8,55,agent8,55,8,55,8,55,5.599999999999996
555,6,55,agent6,55,6,55,6,55,5.599999999999996
556,1,55,agent1,55,1,55,1,55,5.599999999999996
557,0,55,agent0,55,0,55,0,55,5.599999999999996
558,3,55,agent3,55,3,55,3,55,5.599999999999996
559,2,55,agent2,55,2,55,2,55,5.599999999999996
560,5,55,agent5,55,5,55,5,55,5.599999999999996
561,4,56,agent4,56,4,56,4,56,5.699999999999996
562,9,56,agent9,56,9,56,9,56,5.699999999999996
563,7,56,agent7,56,7,56,7,56,5.699999999999996
564,8,56,agent8,56,8,56,8,56,5.699999999999996
565,6,56,agent6,56,6,56,6,56,5.699999999999996
566,1,56,agent1,56,1,56,1,56,5.699999999999996
567,0,56,agent0,56,0,56,0,56,5.699999999999996
568,3,56,agent3,56,3,56,3,56,5.699999999999996
569,2,56,agent2,56,2,56,2,56,5.699999999999996
570,5,56,agent5,56,5,56,5,56,5.699999999999996
571,4,57,agent4,57,4,57,4,57,5.799999999999995
572,9,57,agent9,57,9,57,9,57,5.799999999999995
573,7,57,agent7,57,7,57,7,57,5.799999999999995
574,8,57,agent8,57,8,57,8,57,5.799999999999995
575,6,57,agent6,57,6,57,6,57,5.799999999999995
576,1,57,agent1,57,1,57,1,57,5.799999999999995
577,0,57,agent0,57,0,57,0,57,5.799999999999995
578,3,57,agent3,57,3,57,3,57,5.799999999999995
579,2,57,agent2,57,2,57,2,57,5.799999999999995
580,5,57,agent5,57,5,57,5,57,5.799999999999995
581,4,58,agent4,58,4,58,4,58,5.899999999999995
582,9,58,agent9,58,9,58,9,58,5.899999999999995
583,7,58,agent7,58,7,58,7,58,5.899999999999995
584,8,58,agent8,58,8,58,8,58,5.899999999999995
585,6,58,agent6,58,6,58,6,58,5.899999999999995
586,1,58,agent1,58,1,58,1,58,5.899999999999995
587,0,58,agent0,58,0,58,0,58,5.899999999999995
588,3,58,agent3,58,3,58,3,58,5.899999999999995
589,2,58,agent2,58,2,58,2,58,5.899999999999995
590,5,58,agent5,58,5,58,5,58,5.899999999999995
591,4,59,agent4,59,4,59,4,59,5.999999999999995
592,9,59,agent9,59,9,59,9,59,5.999999999999995
593,7,59,agent7,59,7,59,7,59,5.999999999999995
594,8,59,agent8,59,8,59,8,59,5.999999999999995
595,6,59,agent6,59,6,59,6,59,5.999999999999995
596,1,59,agent1,59,1,59,1,59,5.999999999999995
597,0,59,agent0,59,0,59,0,59,5.999999999999995
598,3,59,agent3,59,3,59,3,59,5.999999999999995
599,2,59,agent2,59,2,59,2,59,5.999999999999995
600,5,59,agent5,59,5,59,5,59,5.999999999999995
601,4,60,agent4,60,4,60,4,60,6.099999999999994
602,9,60,agent9,60,9,60,9,60,6.099999999999994
603,7,60,agent7,60,7,60,7,60,6.099999999999994
604,8,60,agent8,60,8,60,8,60,6.099999999999994
605,6,60,agent6,60,6,60,6,60,6.099999999999994
606,1,60,agent1,60,1,60,1,60,6.099999999999994
607,0,60,agent0,60,0,60,0,60,6.099999999999994
608,3,60,agent3,60,3,60,3,60,6.099999999999994
609,2,60,agent2,60,2,60,2,60,6.099999999999994
610,5,60,agent5,60,5,60,5,60,6.099999999999994
611,4,61,agent4,61,4,61,4,61,6.199999999999994
612,9,61,agent9,61,9,61,9,61,6.199999999999994
613,7,61,agent7,61,7,61,7,61,6.199999999999994
614,8,61,agent8,61,8,61,8,61,6.199999999999994
615,6,61,agent6,61,6,61,6,61,6.199999999999994
616,1,61,agent1,61,1,61,1,61,6.199999999999994
617,0,61,agent0,61,0,61,0,61,6.199999999999994
618,3,61,agent3,61,3,61,3,61,6.199999999999994
619,2,61,agent2,61,2,61,2,61,6.199999999999994
620,5,61,agent5,61,5,61,5,61,6.199999999999994
621,4,62,agent4,62,4,62,4,62,6.299999999999994
622,9,62,agent9,62,9,62,9,62,6.299999999999994
623,7,62,agent7,62,7,62,7,62,6.299999999999994
624,8,62,agent8,62,8,62,8,62,6.299999999999994
625,6,62,agent6,62,6,62,6,62,6.299999999999994
626,1,62,agent1,62,1,62,1,62,6.299999999999994
627,0,62,agent0,62,0,62,0,62,6.299999999999994
628,3,62,agent3,62,3,62,3,62,6.299999999999994
629,2,62,agent2,62,2,62,2,62,6.299999999999994
630,5,62,agent5,62,5,62,5,62,6.299999999999994
631,4,63,agent4,63,4,63,4,63,6.399999999999993
632,9,63,agent9,63,9,63,9,63,6.399999999999993
633,7,63,agent7,63,7,63,7,63,6.399999999999993
634,8,63,agent8,63,8,63,8,63,6.399999999999993
635,6,63,agent6,63,6,63,6,63,6.399999999999993
636,1,63,agent1,63,1,63,1,63,6.399999999999993
637,0,63,agent0,63,0,63,0,63,6.399999999999993
638,3,63,agent3,63,3,63,3,63,6.399999999999993
639,2,63,agent2,63,2,63,2,63,6.399999999999993
640,5,63,agent5,63,5,63,5,63,6.399999999999993
641,4,64,agent4,64,4,64,4,64,6.499999999999993
642,9,64,agent9,64,9,64,9,64,6.499999999999993
643,7,64,agent7,64,7,64,7,64,6.499999999999993
644,8,64,agent8,64,8,64,8,64,6.499999999999993
645,6,64,agent6,64,6,64,6,64,6.499999999999993
646,1,64,agent1,64,1,64,1,64,6.499999999999993
647,0,64,agent0,64,0,64,0,64,6.499999999999993
648,3,64,agent3,64,3,64,3,64,6.499999999999993
649,2,64,agent2,64,2,64,2,64,6.499999999999993
650,5,64,agent5,64,5,64,5,64,6.499999999999993
651,4,65,agent4,65,4,65,4,65,6.5999999999999925
652,9,65,agent9,65,9,65,9,65,6.5999999999999925
653,7,65,agent7,65,7,65,7,65,6.5999999999999925
654,8,65,agent8,65,8,65,8,65,6.5999999999999925
655,6,65,agent6,65,6,65,6,65,6.5999999999999925
656,1,65,agent1,65,1,65,1,65,6.5999999999999925
657,0,65,agent0,65,0,65,0,65,6.5999999999999925
658,3,65,agent3,65,3,65,3,65,6.5999999999999925
659,2,65,agent2,65,2,65,2,65,6.5999999999999925
660,5,65,agent5,65,5,65,5,65,6.5999999999999925
661,4,66,agent4,66,4,66,4,66,6.699999999999992
662,9,66,agent9,66,9,66,9,66,6.699999999999992
663,7,66,agent7,66,7,66,7,66,6.699999999999992
664,8,66,agent8,66,8,66,8,66,6.699999999999992
665,6,66,agent6,66,6,66,6,66,6.699999999999992
666,1,66,agent1,66,1,66,1,66,6.699999999999992
667,0,66,agent0,66,0,66,0,66,6.699999999999992
668,3,66,agent3,66,3,66,3,66,6.699999999999992
669,2,66,agent2,66,2,66,2,66,6.699999999999992
670,5,66,agent5,66,5,66,5,66,6.699999999999992
671,4,67,agent4,67,4,67,4,67,6.799999999999992
672,9,67,agent9,67,9,67,9,67,6.799999999999992
673,7,67,agent7,67,7,67,7,67,6.799999999999992
674,8,67,agent8,67,8,67,8,67,6.799999999999992
675,6,67,agent6,67,6,67,6,67,6.799999999999992
676,1,67,agent1,67,1,67,1,67,6.799999999999992
677,0,67,agent0,67,0,67,0,67,6.799999999999992
678,3,67,agent3,67,3,67,3,67,6.799999999999992
679,2,67,agent2,67,2,67,2,67,6.799999999999992
680,5,67,agent5,67,5,67,5,67,6.799999999999992
681,4,68,agent4,68,4,68,4,68,6.8999999999999915
682,9,68,agent9,68,9,68,9,68,6.8999999999999915
683,7,68,agent7,68,7,68,7,68,6.8999999999999915
684,8,68,agent8,68,8,68,8,68,6.8999999999999915
685,6,68,agent6,68,6,68,6,68,6.8999999999999915
686,1,68,agent1,68,1,68,1,68,6.8999999999999915
687,0,68,agent0,68,0,68,0,68,6.8999999999999915
688,3,68,agent3,68,3,68,3,68,6.8999999999999915
689,2,68,agent2,68,2,68,2,68,6.8999999999999915
690,5,68,agent5,68,5,68,5,68,6.8999999999999915
691,4,69,agent4,69,4,69,4,69,6.999999999999991
692,9,69,agent9,69,9,69,9,69,6.999999999999991
693,7,69,agent7,69,7,69,7,69,6.999999999999991
694,8,69,agent8,69,8,69,8,69,6.999999999999991
695,6,69,agent6,69,6,69,6,69,6.999999999999991
696,1,69,agent1,69,1,69,1,69,6.999999999999991
697,0,69,agent0,69,0,69,0,69,6.999999999999991
698,3,69,agent3,69,3,69,3,69,6.999999999999991
699,2,69,agent2,69,2,69,2,69,6.999999999999991
700,5,69,agent5,69,5,69,5,69,6.999999999999991
701,4,70,agent4,70,4,70,4,70,7.099999999999991
702,9,70,agent9,70,9,70,9,70,7.099999999999991
703,7,70,agent7,70,7,70,7,70,7.099999999999991
704,8,70,agent8,70,8,70,8,70,7.099999999999991
705,6,70,agent6,70,6,70,6,70,7.099999999999991
706,1,70,agent1,70,1,70,1,70,7.099999999999991
707,0,70,agent0,70,0,70,0,70,7.099999999999991
708,3,70,agent3,70,3,70,3,70,7.099999999999991
709,2,70,agent2,70,2,70,2,70,7.099999999999991
710,5,70,agent5,70,5,70,5,70,7.099999999999991
711,4,71,agent4,71,4,71,4,71,7.19999999999999
712,9,71,agent9,71,9,71,9,71,7.19999999999999
713,7,71,agent7,71,7,71,7,71,7.19999999999999
714,8,71,agent8,71,8,71,8,71,7.19999999999999
715,6,71,agent6,71,6,71,6,71,7.19999999999999
716,1,71,agent1,71,1,71,1,71,7.19999999999999
717,0,71,agent0,71,0,71,0,71,7.19999999999999
718,3,71,agent3,71,3,71,3,71,7.19999999999999
719,2,71,agent2,71,2,71,2,71,7.19999999999999
720,5,71,agent5,71,5,71,5,71,7.19999999999999
721,4,72,agent4,72,4,72,4,72,7.29999999999999
722,9,72,agent9,72,9,72,9,72,7.29999999999999
723,7,72,agent7,72,7,72,7,72,7.29999999999999
724,8,72,agent8,72,8,72,8,72,7.29999999999999
725,6,72,agent6,72,6,72,6,72,7.29999999999999
726,1,72,agent1,72,1,72,1,72,7.29999999999999
727,0,72,agent0,72,0,72,0,72,7.29999999999999
728,3,72,agent3,72,3,72,3,72,7.29999999999999
729,2,72,agent2,72,2,72,2,72,7.29999999999999
730,5,72,agent5,72,5,72,5,72,7.29999999999999
731,4,73,agent4,73,4,73,4,73,7.39999999999999
732,9,73,agent9,73,9,73,9,73,7.39999999999999
733,7,73,agent7,73,7,73,7,73,7.39999999999999
734,8,73,agent8,73,8,73,8,73,7.39999999999999
735,6,73,agent6,73,6,73,6,73,7.39999999999999
736,1,73,agent1,73,1,73,1,73,7.39999999999999
737,0,73,agent0,73,0,73,0,73,7.39999999999999
738,3,73,agent3,73,3,73,3,73,7.39999999999999
739,2,73,agent2,73,2,73,2,73,7.39999999999999
740,5,73,agent5,73,5,73,5,73,7.39999999999999
741,4,74,agent4,74,4,74,4,74,7.499999999999989
742,9,74,agent9,74,9,74,9,74,7.499999999999989
743,7,74,agent7,74,7,74,7,74,7.499999999999989
744,8,74,agent8,74,8,74,8,74,7.499999999999989
745,6,74,agent6,74,6,74,6,74,7.499999999999989
746,1,74,agent1,74,1,74,1,74,7.499999999999989
747,0,74,agent0,74,0,74,0,74,7.499999999999989
748,3,74,agent3,74,3,74,3,74,7.499999999999989
749,2,74,agent2,74,2,74,2,74,7.499999999999989
750,5,74,agent5,74,5,74,5,74,7.499999999999989
751,4,75,agent4,75,4,75,4,75,7.599999999999989
752,9,75,agent9,75,9,75,9,75,7.599999999999989
753,7,75,agent7,75,7,75,7,75,7.599999999999989
754,8,75,agent8,75,8,75,8,75,7.599999999999989
755,6,75,agent6,75,6,75,6,75,7.599999999999989
756,1,75,agent1,75,1,75,1,75,7.599999999999989
757,0,75,agent0,75,0,75,0,75,7.599999999999989
758,3,75,agent3,75,3,75,3,75,7.599999999999989
759,2,75,agent2,75,2,75,2,75,7.599999999999989
760,5,75,agent5,75,5,75,5,75,7.599999999999989
761,4,76,agent4,76,4,76,4,76,7.699999999999989
762,9,76,agent9,76,9,76,9,76,7.699999999999989
763,7,76,agent7,76,7,76,7,76,7.699999999999989
764,8,76,agent8,76,8,76,8,76,7.699999999999989
765,6,76,agent6,76,6,76,6,76,7.699999999999989
766,1,76,agent1,76,1,76,1,76,7.699999999999989
767,0,76,agent0,76,0,76,0,76,7.699999999999989
768,3,76,agent3,76,3,76,3,76,7.699999999999989
769,2,76,agent2,76,2,76,2,76,7.699999999999989
770,5,76,agent5,76,5,76,5,76,7.699999999999989
771,4,77,agent4,77,4,77,4,77,7.799999999999988
772,9,77,agent9,77,9,77,9,77,7.799999999999988
773,7,77,agent7,77,7,77,7,77,7.799999999999988
774,8,77,agent8,77,8,77,8,77,7.799999999999988
775,6,77,agent6,77,6,77,6,77,7.799999999999988
776,1,77,agent1,77,1,77,1,77,7.799999999999988
777,0,77,agent0,77,0,77,0,77,7.799999999999988
778,3,77,agent3,77,3,77,3,77,7.799999999999988
779,2,77,agent2,77,2,77,2,77,7.799999999999988
780,5,77,agent5,77,5,77,5,77,7.799999999999988
781,4,78,agent4,78,4,78,4,78,7.899999999999988
782,9,78,agent9,78,9,78,9,78,7.899999999999988
783,7,78,agent7,78,7,78,7,78,7.899999999999988
784,8,78,agent8,78,8,78,8,78,7.899999999999988
785,6,78,agent6,78,6,78,6,78,7.899999999999988
786,1,78,agent1,78,1,78,1,78,7.899999999999988
787,0,78,agent0,78,0,78,0,78,7.899999999999988
788,3,78,agent3,78,3,78,3,78,7.899999999999988
789,2,78,agent2,78,2,78,2,78,7.899999999999988
790,5,78,agent5,78,5,78,5,78,7.899999999999988
791,4,79,agent4,79,4,79,4,79,7.999999999999988
792,9,79,agent9,79,9,79,9,79,7.999999999999988
793,7,79,agent7,79,7,79,7,79,7.999999999999988
794,8,79,agent8,79,8,79,8,79,7.999999999999988
795,6,79,agent6,79,6,79,6,79,7.999999999999988
796,1,79,agent1,79,1,79,1,79,7.999999999999988
797,0,79,agent0,79,0,79,0,79,7.999999999999988
798,3,79,agent3,79,3,79,3,79,7.999999999999988
799,2,79,agent2,79,2,79,2,79,7.999999999999988
800,5,79,agent5,79,5,79,5,79,7.999999999999988
801,4,80,agent4,80,4,80,4,80,8.099999999999987
802,9,80,agent9,80,9,80,9,80,8.099999999999987
803,7,80,agent7,80,7,80,7,80,8.099999999999987
804,8,80,agent8,80,8,80,8,80,8.099999999999987
805,6,80,agent6,80,6,80,6,80,8.099999999999987
806,1,80,agent1,80,1,80,1,80,8.099999999999987
807,0,80,agent0,80,0,80,0,80,8.099999999999987
808,3,80,agent3,80,3,80,3,80,8.099999999999987
809,2,80,agent2,80,2,80,2,80,8.099999999999987
810,5,80,agent5,80,5,80,5,80,8.099999999999987
811,4,81,agent4,81,4,81,4,81,8.199999999999987
812,9,81,agent9,81,9,81,9,81,8.199999999999987
813,7,81,agent7,81,7,81,7,81,8.199999999999987
814,8,81,agent8,81,8,81,8,81,8.199999999999987
815,6,81,agent6,81,6,81,6,81,8.199999999999987
816,1,81,agent1,81,1,81,1,81,8.199999999999987
817,0,81,agent0,81,0,81,0,81,8.199999999999987
818,3,81,agent3,81,3,81,3,81,8.199999999999987
819,2,81,agent2,81,2,81,2,81,8.199999999999987
820,5,81,agent5,81,5,81,5,81,8.199999999999987
821,4,82,agent4,82,4,82,4,82,8.299999999999986
822,9,82,agent9,82,9,82,9,82,8.299999999999986
823,7,82,agent7,82,7,82,7,82,8.299999999999986
824,8,82,agent8,82,8,82,8,82,8.299999999999986
825,6,82,agent6,82,6,82,6,82,8.299999999999986
826,1,82,agent1,82,1,82,1,82,8.299999999999986
827,0,82,agent0,82,0,82,0,82,8.299999999999986
828,3,82,agent3,82,3,82,3,82,8.299999999999986
829,2,82,agent2,82,2,82,2,82,8.299999999999986
830,5,82,agent5,82,5,82,5,82,8.299999999999986
831,4,83,agent4,83,4,83,4,83,8.399999999999986
832,9,83,agent9,83,9,83,9,83,8.399999999999986
833,7,83,agent7,83,7,83,7,83,8.399999999999986
834,8,83,agent8,83,8,83,8,83,8.399999999999986
835,6,83,agent6,83,6,83,6,83,8.399999999999986
836,1,83,agent1,83,1,83,1,83,8.399999999999986
837,0,83,agent0,83,0,83,0,83,8.399999999999986
838,3,83,agent3,83,3,83,3,83,8.399999999999986
839,2,83,agent2,83,2,83,2,83,8.399999999999986
840,5,83,agent5,83,5,83,5,83,8.399999999999986
841,4,84,agent4,84,4,84,4,84,8.499999999999986
842,9,84,agent9,84,9,84,9,84,8.499999999999986
843,7,84,agent7,84,7,84,7,84,8.499999999999986
844,8,84,agent8,84,8,84,8,84,8.499999999999986
845,6,84,agent6,84,6,84,6,84,8.499999999999986
846,1,84,agent1,84,1,84,1,84,8.499999999999986
847,0,84,agent0,84,0,84,0,84,8.499999999999986
848,3,84,agent3,84,3,84,3,84,8.499999999999986
849,2,84,agent2,84,2,84,2,84,8.499999999999986
850,5,84,agent5,84,5,84,5,84,8.499999999999986
851,4,85,agent4,85,4,85,4,85,8.599999999999985
852,9,85,agent9,85,9,85,9,85,8.599999999999985
853,7,85,agent7,85,7,85,7,85,8.599999999999985
854,8,85,agent8,85,8,85,8,85,8.599999999999985
855,6,85,agent6,85,6,85,6,85,8.599999999999985
856,1,85,agent1,85,1,85,1,85,8.599999999999985
857,0,85,agent0,85,0,85,0,85,8.599999999999985
858,3,85,agent3,85,3,85,3,85,8.599999999999985
859,2,85,agent2,85,2,85,2,85,8.599999999999985
860,5,85,agent5,85,5,85,5,85,8.599999999999985
861,4,86,agent4,86,4,86,4,86,8.699999999999985
862,9,86,agent9,86,9,86,9,86,8.699999999999985
863,7,86,agent7,86,7,86,7,86,8.699999999999985
864,8,86,agent8,86,8,86,8,86,8.699999999999985
865,6,86,agent6,86,6,86,6,86,8.699999999999985
866,1,86,agent1,86,1,86,1,86,8.699999999999985
867,0,86,agent0,86,0,86,0,86,8.699999999999985
868,3,86,agent3,86,3,86,3,86,8.699999999999985
869,2,86,agent2,86,2,86,2,86,8.699999999999985
870,5,86,agent5,86,5,86,5,86,8.699999999999985
871,4,87,agent4,87,4,87,4,87,8.799999999999985
872,9,87,agent9,87,9,87,9,87,8.799999999999985
873,7,87,agent7,87,7,87,7,87,8.799999999999985
874,8,87,agent8,87,8,87,8,87,8.799999999999985
875,6,87,agent6,87,6,87,6,87,8.799999999999985
876,1,87,agent1,87,1,87,1,87,8.799999999999985
877,0,87,agent0,87,0,87,0,87,8.799999999999985
878,3,87,agent3,87,3,87,3,87,8.799999999999985
879,2,87,agent2,87,2,87,2,87,8.799999999999985
880,5,87,agent5,87,5,87,5,87,8.799999999999985
881,4,88,agent4,88,4,88,4,88,8.899999999999984
882,9,88,agent9,88,9,88,9,88,8.899999999999984
883,7,88,agent7,88,7,88,7,88,8.899999999999984
884,8,88,agent8,88,8,88,8,88,8.899999999999984
885,6,88,agent6,88,6,88,6,88,8.899999999999984
886,1,88,agent1,88,1,88,1,88,8.899999999999984
887,0,88,agent0,88,0,88,0,88,8.899999999999984
888,3,88,agent3,88,3,88,3,88,8.899999999999984
889,2,88,agent2,88,2,88,2,88,8.899999999999984
890,5,88,agent5,88,5,88,5,88,8.899999999999984
891,4,89,agent4,89,4,89,4,89,8.999999999999984
892,9,89,agent9,89,9,89,9,89,8.999999999999984
893,7,89,agent7,89,7,89,7,89,8.999999999999984
894,8,89,agent8,89,8,89,8,89,8.999999999999984
895,6,89,agent6,89,6,89,6,89,8.999999999999984
896,1,89,agent1,89,1,89,1,89,8.999999999999984
897,0,89,agent0,89,0,89,0,89,8.999999999999984
898,3,89,agent3,89,3,89,3,89,8.999999999999984
899,2,89,agent2,89,2,89,2,89,8.999999999999984
900,5,89,agent5,89,5,89,5,89,8.999999999999984
901,4,90,agent4,90,4,90,4,90,9.099999999999984
902,9,90,agent9,90,9,90,9,90,9.099999999999984
903,7,90,agent7,90,7,90,7,90,9.099999999999984
904,8,90,agent8,90,8,90,8,90,9.099999999999984
905,6,90,agent6,90,6,90,6,90,9.099999999999984
906,1,90,agent1,90,1,90,1,90,9.099999999999984
907,0,90,agent0,90,0,90,0,90,9.099999999999984
908,3,90,agent3,90,3,90,3,90,9.099999999999984
909,2,90,agent2,90,2,90,2,90,9.099999999999984
910,5,90,agent5,90,5,90,5,90,9.099999999999984
911,4,91,agent4,91,4,91,4,91,9.199999999999983
912,9,91,agent9,91,9,91,9,91,9.199999999999983
913,7,91,agent7,91,7,91,7,91,9.199999999999983
914,8,91,agent8,91,8,91,8,91,9.199999999999983
915,6,91,agent6,91,6,91,6,91,9.199999999999983
916,1,91,agent1,91,1,91,1,91,9.199999999999983
917,0,91,agent0,91,0,91,0,91,9.199999999999983
918,3,91,agent3,91,3,91,3,91,9.199999999999983
919,2,91,agent2,91,2,91,2,91,9.199999999999983
920,5,91,agent5,91,5,91,5,91,9.199999999999983
921,4,92,agent4,92,4,92,4,92,9.299999999999983
922,9,92,agent9,92,9,92,9,92,9.299999999999983
923,7,92,agent7,92,7,92,7,92,9.299999999999983
924,8,92,agent8,92,8,92,8,92,9.299999999999983
925,6,92,agent6,92,6,92,6,92,9.299999999999983
926,1,92,agent1,92,1,92,1,92,9.299999999999983
927,0,92,agent0,92,0,92,0,92,9.299999999999983
928,3,92,agent3,92,3,92,3,92,9.299999999999983
929,2,92,agent2,92,2,92,2,92,9.299999999999983
930,5,92,agent5,92,5,92,5,92,9.299999999999983
931,4,93,agent4,93,4,93,4,93,9.399999999999983
932,9,93,agent9,93,9,93,9,93,9.399999999999983
933,7,93,agent7,93,7,93,7,93,9.399999999999983
934,8,93,agent8,93,8,93,8,93,9.399999999999983
935,6,93,agent6,93,6,93,6,93,9.399999999999983
936,1,93,agent1,93,1,93,1,93,9.399999999999983
937,0,93,agent0,93,0,93,0,93,9.399999999999983
938,3,93,agent3,93,3,93,3,93,9.399999999999983
939,2,93,agent2,93,2,93,2,93,9.399999999999983
940,5,93,agent5,93,5,93,5,93,9.399999999999983
941,4,94,agent4,94,4,94,4,94,9.499999999999982
942,9,94,agent9,94,9,94,9,94,9.499999999999982
943,7,94,agent7,94,7,94,7,94,9.499999999999982
944,8,94,agent8,94,8,94,8,94,9.499999999999982
945,6,94,agent6,94,6,94,6,94,9.499999999999982
946,1,94,agent1,94,1,94,1,94,9.499999999999982
947,0,94,agent0,94,0,94,0,94,9.499999999999982
948,3,94,agent3,94,3,94,3,94,9.499999999999982
949,2,94,agent2,94,2,94,2,94,9.499999999999982
950,5,94,agent5,94,5,94,5,94,9.499999999999982
951,4,95,agent4,95,4,95,4,95,9.599999999999982
952,9,95,agent9,95,9,95,9,95,9.599999999999982
953,7,95,agent7,95,7,95,7,95,9.599999999999982
954,8,95,agent8,95,8,95,8,95,9.599999999999982
955,6,95,agent6,95,6,95,6,95,9.599999999999982
956,1,95,agent1,95,1,95,1,95,9.599999999999982
957,0,95,agent0,95,0,95,0,95,9.599999999999982
958,3,95,agent3,95,3,95,3,95,9.599999999999982
959,2,95,agent2,95,2,95,2,95,9.599999999999982
960,5,95,agent5,95,5,95,5,95,9.599999999999982
961,4,96,agent4,96,4,96,4,96,9.699999999999982
962,9,96,agent9,96,9,96,9,96,9.699999999999982
963,7,96,agent7,96,7,96,7,96,9.699999999999982
964,8,96,agent8,96,8,96,8,96,9.699999999999982
965,6,96,agent6,96,6,96,6,96,9.699999999999982
966,1,96,agent1,96,1,96,1,96,9.699999999999982
967,0,96,agent0,96,0,96,0,96,9.699999999999982
968,3,96,agent3,96,3,96,3,96,9.699999999999982
969,2,96,agent2,96,2,96,2,96,9.699999999999982
970,5,96,agent5,96,5,96,5,96,9.699999999999982
971,4,97,agent4,97,4,97,4,97,9.799999999999981
972,9,97,agent9,97,9,97,9,97,9.799999999999981
973,7,97,agent7,97,7,97,7,97,9.799999999999981
974,8,97,agent8,97,8,97,8,97,9.799999999999981
975,6,97,agent6,97,6,97,6,97,9.799999999999981
976,1,97,agent1,97,1,97,1,97,9.799999999999981
977,0,97,agent0,97,0,97,0,97,9.799999999999981
978,3,97,agent3,97,3,97,3,97,9.799999999999981
979,2,97,agent2,97,2,97,2,97,9.799999999999981
980,5,97,agent5,97,5,97,5,97,9.799999999999981
981,4,98,agent4,98,4,98,4,98,9.89999999999998
982,9,98,agent9,98,9,98,9,98,9.89999999999998
983,7,98,agent7,98,7,98,7,98,9.89999999999998
984,8,98,agent8,98,8,98,8,98,9.89999999999998
985,6,98,agent6,98,6,98,6,98,9.89999999999998
986,1,98,agent1,98,1,98,1,98,9.89999999999998
987,0,98,agent0,98,0,98,0,98,9.89999999999998
988,3,98,agent3,98,3,98,3,98,9.89999999999998
989,2,98,agent2,98,2,98,2,98,9.89999999999998
990,5,98,agent5,98,5,98,5,98,9.89999999999998
991,4,99,agent4,99,4,99,4,99,9.99999999999998
992,9,99,agent9,99,9,99,9,99,9.99999999999998
993,7,99,agent7,99,7,99,7,99,9.99999999999998
994,8,99,agent8,99,8,99,8,99,9.99999999999998
995,6,99,agent6,99,6,99,6,99,9.99999999999998
996,1,99,agent1,99,1,99,1,99,9.99999999999998
997,0,99,agent0,99,0,99,0,99,9.99999999999998
998,3,99,agent3,99,3,99,3,99,9.99999999999998
999,2,99,agent2,99,2,99,2,99,9.99999999999998
1000,5,99,agent5,99,5,99,5,99,9.99999999999998
